province_s,province_l,feature_id,date,people_vaccinated,people_fully_vaccinated,source
CENTRE,Central Hospitals,99,21/4/2021,5936,2598,https://www.facebook.com/CIEH.MoH.Lao/photos/4177170442307618
VTE,Vientiane Capital,13,21/4/2021,14648,849,https://www.facebook.com/CIEH.MoH.Lao/photos/4177170442307618
PHO,Phongsaly,10,21/4/2021,1548,182,https://www.facebook.com/CIEH.MoH.Lao/photos/4177170442307618
LNT,Luangnamtha,7,21/4/2021,4678,3117,https://www.facebook.com/CIEH.MoH.Lao/photos/4177170442307618
ODX,Oudomxay,9,21/4/2021,3924,675,https://www.facebook.com/CIEH.MoH.Lao/photos/4177170442307618
BK ,Bokeo,2,21/4/2021,4921,3775,https://www.facebook.com/CIEH.MoH.Lao/photos/4177170442307618
LPB,Luangprabang,8,21/4/2021,7233,5793,https://www.facebook.com/CIEH.MoH.Lao/photos/4177170442307618
HPH,Huaphanh,5,21/4/2021,2633,1092,https://www.facebook.com/CIEH.MoH.Lao/photos/4177170442307618
XYB,Xayabury,0,21/4/2021,9948,6076,https://www.facebook.com/CIEH.MoH.Lao/photos/4177170442307618
XK,Xiengkhuang,17,21/4/2021,4124,1454,https://www.facebook.com/CIEH.MoH.Lao/photos/4177170442307618
VTP,Vientiane,14,21/4/2021,5438,648,https://www.facebook.com/CIEH.MoH.Lao/photos/4177170442307618
BKX,Borikhamxay,3,21/4/2021,5052,2076,https://www.facebook.com/CIEH.MoH.Lao/photos/4177170442307618
KHM,Khammuane,6,21/4/2021,5769,1180,https://www.facebook.com/CIEH.MoH.Lao/photos/4177170442307618
SVK,Savannakhet,12,21/4/2021,6164,2122,https://www.facebook.com/CIEH.MoH.Lao/photos/4177170442307618
SLV,Saravane,11,21/4/2021,7096,3019,https://www.facebook.com/CIEH.MoH.Lao/photos/4177170442307618
SK,Sekong,16,21/4/2021,1316,566,https://www.facebook.com/CIEH.MoH.Lao/photos/4177170442307618
CPS,Champasak,4,21/4/2021,17446,11497,https://www.facebook.com/CIEH.MoH.Lao/photos/4177170442307618
ATP,Attapeu,1,21/4/2021,1104,266,https://www.facebook.com/CIEH.MoH.Lao/photos/4177170442307618
XSB,Xaysomboun,15,21/4/2021,738,127,https://www.facebook.com/CIEH.MoH.Lao/photos/4177170442307618
CENTRE,Central Hospitals,99,22/4/2021,9445,2608,https://www.facebook.com/CIEH.MoH.Lao/photos/4180741318617197
VTE,Vientiane Capital,13,22/4/2021,15929,1272,https://www.facebook.com/CIEH.MoH.Lao/photos/4180741318617197
PHO,Phongsaly,10,22/4/2021,1548,182,https://www.facebook.com/CIEH.MoH.Lao/photos/4180741318617197
LNT,Luangnamtha,7,22/4/2021,4678,3202,https://www.facebook.com/CIEH.MoH.Lao/photos/4180741318617197
ODX,Oudomxay,9,22/4/2021,3996,945,https://www.facebook.com/CIEH.MoH.Lao/photos/4180741318617197
BK ,Bokeo,2,22/4/2021,4921,3775,https://www.facebook.com/CIEH.MoH.Lao/photos/4180741318617197
LPB,Luangprabang,8,22/4/2021,7233,6022,https://www.facebook.com/CIEH.MoH.Lao/photos/4180741318617197
HPH,Huaphanh,5,22/4/2021,3020,1235,https://www.facebook.com/CIEH.MoH.Lao/photos/4180741318617197
XYB,Xayabury,0,22/4/2021,9948,7989,https://www.facebook.com/CIEH.MoH.Lao/photos/4180741318617197
XK,Xiengkhuang,17,22/4/2021,4651,1782,https://www.facebook.com/CIEH.MoH.Lao/photos/4180741318617197
VTP,Vientiane,14,22/4/2021,5438,1272,https://www.facebook.com/CIEH.MoH.Lao/photos/4180741318617197
BKX,Borikhamxay,3,22/4/2021,5052,2726,https://www.facebook.com/CIEH.MoH.Lao/photos/4180741318617197
KHM,Khammuane,6,22/4/2021,5769,2391,https://www.facebook.com/CIEH.MoH.Lao/photos/4180741318617197
SVK,Savannakhet,12,22/4/2021,6313,2254,https://www.facebook.com/CIEH.MoH.Lao/photos/4180741318617197
SLV,Saravane,11,22/4/2021,7121,3060,https://www.facebook.com/CIEH.MoH.Lao/photos/4180741318617197
SK,Sekong,16,22/4/2021,1316,585,https://www.facebook.com/CIEH.MoH.Lao/photos/4180741318617197
CPS,Champasak,4,22/4/2021,17446,11696,https://www.facebook.com/CIEH.MoH.Lao/photos/4180741318617197
ATP,Attapeu,1,22/4/2021,1125,302,https://www.facebook.com/CIEH.MoH.Lao/photos/4180741318617197
XSB,Xaysomboun,15,22/4/2021,843,151,https://www.facebook.com/CIEH.MoH.Lao/photos/4180741318617197
CENTRE,Central Hospitals,99,24/4/2021,12288,2610,https://www.facebook.com/CIEH.MoH.Lao/photos/4186371851387477
VTE,Vientiane Capital,13,24/4/2021,18353,1395,https://www.facebook.com/CIEH.MoH.Lao/photos/4186371851387477
PHO,Phongsaly,10,24/4/2021,1548,182,https://www.facebook.com/CIEH.MoH.Lao/photos/4186371851387477
LNT,Luangnamtha,7,24/4/2021,4678,3327,https://www.facebook.com/CIEH.MoH.Lao/photos/4186371851387477
ODX,Oudomxay,9,24/4/2021,3996,1056,https://www.facebook.com/CIEH.MoH.Lao/photos/4186371851387477
BK ,Bokeo,2,24/4/2021,4921,3937,https://www.facebook.com/CIEH.MoH.Lao/photos/4186371851387477
LPB,Luangprabang,8,24/4/2021,7647,6161,https://www.facebook.com/CIEH.MoH.Lao/photos/4186371851387477
HPH,Huaphanh,5,24/4/2021,3284,1385,https://www.facebook.com/CIEH.MoH.Lao/photos/4186371851387477
XYB,Xayabury,0,24/4/2021,9948,8607,https://www.facebook.com/CIEH.MoH.Lao/photos/4186371851387477
XK,Xiengkhuang,17,24/4/2021,4791,1834,https://www.facebook.com/CIEH.MoH.Lao/photos/4186371851387477
VTP,Vientiane,14,24/4/2021,5488,1627,https://www.facebook.com/CIEH.MoH.Lao/photos/4186371851387477
BKX,Borikhamxay,3,24/4/2021,6276,3257,https://www.facebook.com/CIEH.MoH.Lao/photos/4186371851387477
KHM,Khammuane,6,24/4/2021,6186,2795,https://www.facebook.com/CIEH.MoH.Lao/photos/4186371851387477
SVK,Savannakhet,12,24/4/2021,7727,3723,https://www.facebook.com/CIEH.MoH.Lao/photos/4186371851387477
SLV,Saravane,11,24/4/2021,7121,3095,https://www.facebook.com/CIEH.MoH.Lao/photos/4186371851387477
SK,Sekong,16,24/4/2021,1508,605,https://www.facebook.com/CIEH.MoH.Lao/photos/4186371851387477
CPS,Champasak,4,24/4/2021,17446,12072,https://www.facebook.com/CIEH.MoH.Lao/photos/4186371851387477
ATP,Attapeu,1,24/4/2021,1520,469,https://www.facebook.com/CIEH.MoH.Lao/photos/4186371851387477
XSB,Xaysomboun,15,24/4/2021,910,178,https://www.facebook.com/CIEH.MoH.Lao/photos/4186371851387477
CENTRE,Central Hospitals,99,27/4/2021,16942,2617,https://www.facebook.com/CIEH.MoH.Lao/photos/4195159920508670
VTE,Vientiane Capital,13,27/4/2021,19235,1623,https://www.facebook.com/CIEH.MoH.Lao/photos/4195159920508670
PHO,Phongsaly,10,27/4/2021,1615,241,https://www.facebook.com/CIEH.MoH.Lao/photos/4195159920508670
LNT,Luangnamtha,7,27/4/2021,4678,3511,https://www.facebook.com/CIEH.MoH.Lao/photos/4195159920508670
ODX,Oudomxay,9,27/4/2021,3996,1380,https://www.facebook.com/CIEH.MoH.Lao/photos/4195159920508670
BK ,Bokeo,2,27/4/2021,5394,4013,https://www.facebook.com/CIEH.MoH.Lao/photos/4195159920508670
LPB,Luangprabang,8,27/4/2021,9361,6214,https://www.facebook.com/CIEH.MoH.Lao/photos/4195159920508670
HPH,Huaphanh,5,27/4/2021,3568,1791,https://www.facebook.com/CIEH.MoH.Lao/photos/4195159920508670
XYB,Xayabury,0,27/4/2021,10969,8743,https://www.facebook.com/CIEH.MoH.Lao/photos/4195159920508670
XK,Xiengkhuang,17,27/4/2021,6326,2176,https://www.facebook.com/CIEH.MoH.Lao/photos/4195159920508670
VTP,Vientiane,14,27/4/2021,5488,1670,https://www.facebook.com/CIEH.MoH.Lao/photos/4195159920508670
BKX,Borikhamxay,3,27/4/2021,7468,3384,https://www.facebook.com/CIEH.MoH.Lao/photos/4195159920508670
KHM,Khammuane,6,27/4/2021,6525,3339,https://www.facebook.com/CIEH.MoH.Lao/photos/4195159920508670
SVK,Savannakhet,12,27/4/2021,17323,3723,https://www.facebook.com/CIEH.MoH.Lao/photos/4195159920508670
SLV,Saravane,11,27/4/2021,8617,3610,https://www.facebook.com/CIEH.MoH.Lao/photos/4195159920508670
SK,Sekong,16,27/4/2021,1666,620,https://www.facebook.com/CIEH.MoH.Lao/photos/4195159920508670
CPS,Champasak,4,27/4/2021,17446,12241,https://www.facebook.com/CIEH.MoH.Lao/photos/4195159920508670
ATP,Attapeu,1,27/4/2021,1573,487,https://www.facebook.com/CIEH.MoH.Lao/photos/4195159920508670
XSB,Xaysomboun,15,27/4/2021,986,189,https://www.facebook.com/CIEH.MoH.Lao/photos/4195159920508670
CENTRE,Central Hospitals,99,28/4/2021,17390,2646,https://www.facebook.com/CIEH.MoH.Lao/photos/4199770356714293
VTE,Vientiane Capital,13,28/4/2021,33150,3228,https://www.facebook.com/CIEH.MoH.Lao/photos/4199770356714293
PHO,Phongsaly,10,28/4/2021,1676,243,https://www.facebook.com/CIEH.MoH.Lao/photos/4199770356714293
LNT,Luangnamtha,7,28/4/2021,4678,3522,https://www.facebook.com/CIEH.MoH.Lao/photos/4199770356714293
ODX,Oudomxay,9,28/4/2021,3996,1527,https://www.facebook.com/CIEH.MoH.Lao/photos/4199770356714293
BK ,Bokeo,2,28/4/2021,5394,4013,https://www.facebook.com/CIEH.MoH.Lao/photos/4199770356714293
LPB,Luangprabang,8,28/4/2021,10462,6234,https://www.facebook.com/CIEH.MoH.Lao/photos/4199770356714293
HPH,Huaphanh,5,28/4/2021,3568,1818,https://www.facebook.com/CIEH.MoH.Lao/photos/4199770356714293
XYB,Xayabury,0,28/4/2021,13244,8743,https://www.facebook.com/CIEH.MoH.Lao/photos/4199770356714293
XK,Xiengkhuang,17,28/4/2021,6394,2203,https://www.facebook.com/CIEH.MoH.Lao/photos/4199770356714293
VTP,Vientiane,14,28/4/2021,5488,1679,https://www.facebook.com/CIEH.MoH.Lao/photos/4199770356714293
BKX,Borikhamxay,3,28/4/2021,8776,3700,https://www.facebook.com/CIEH.MoH.Lao/photos/4199770356714293
KHM,Khammuane,6,28/4/2021,8079,3696,https://www.facebook.com/CIEH.MoH.Lao/photos/4199770356714293
SVK,Savannakhet,12,28/4/2021,18586,3723,https://www.facebook.com/CIEH.MoH.Lao/photos/4199770356714293
SLV,Saravane,11,28/4/2021,8650,3623,https://www.facebook.com/CIEH.MoH.Lao/photos/4199770356714293
SK,Sekong,16,28/4/2021,1818,632,https://www.facebook.com/CIEH.MoH.Lao/photos/4199770356714293
CPS,Champasak,4,28/4/2021,17446,13602,https://www.facebook.com/CIEH.MoH.Lao/photos/4199770356714293
ATP,Attapeu,1,28/4/2021,1631,488,https://www.facebook.com/CIEH.MoH.Lao/photos/4199770356714293
XSB,Xaysomboun,15,28/4/2021,1017,216,https://www.facebook.com/CIEH.MoH.Lao/photos/4199770356714293
CENTRE,Central Hospitals,99,29/4/2021,18693,3549,https://www.facebook.com/CIEH.MoH.Lao/photos/a.1594657613892260/4202955146395814/
VTE,Vientiane Capital,13,29/4/2021,41845,3549,https://www.facebook.com/CIEH.MoH.Lao/photos/a.1594657613892260/4202955146395814/
PHO,Phongsaly,10,29/4/2021,1676,243,https://www.facebook.com/CIEH.MoH.Lao/photos/a.1594657613892260/4202955146395814/
LNT,Luangnamtha,7,29/4/2021,4968,3527,https://www.facebook.com/CIEH.MoH.Lao/photos/a.1594657613892260/4202955146395814/
ODX,Oudomxay,9,29/4/2021,3996,1540,https://www.facebook.com/CIEH.MoH.Lao/photos/a.1594657613892260/4202955146395814/
BK ,Bokeo,2,29/4/2021,6832,4076,https://www.facebook.com/CIEH.MoH.Lao/photos/a.1594657613892260/4202955146395814/
LPB,Luangprabang,8,29/4/2021,11157,6242,https://www.facebook.com/CIEH.MoH.Lao/photos/a.1594657613892260/4202955146395814/
HPH,Huaphanh,5,29/4/2021,3568,1818,https://www.facebook.com/CIEH.MoH.Lao/photos/a.1594657613892260/4202955146395814/
XYB,Xayabury,0,29/4/2021,14914,8743,https://www.facebook.com/CIEH.MoH.Lao/photos/a.1594657613892260/4202955146395814/
XK,Xiengkhuang,17,29/4/2021,6677,2213,https://www.facebook.com/CIEH.MoH.Lao/photos/a.1594657613892260/4202955146395814/
VTP,Vientiane,14,29/4/2021,6515,1976,https://www.facebook.com/CIEH.MoH.Lao/photos/a.1594657613892260/4202955146395814/
BKX,Borikhamxay,3,29/4/2021,10115,3988,https://www.facebook.com/CIEH.MoH.Lao/photos/a.1594657613892260/4202955146395814/
KHM,Khammuane,6,29/4/2021,8079,3696,https://www.facebook.com/CIEH.MoH.Lao/photos/a.1594657613892260/4202955146395814/
SVK,Savannakhet,12,29/4/2021,21073,4175,https://www.facebook.com/CIEH.MoH.Lao/photos/a.1594657613892260/4202955146395814/
SLV,Saravane,11,29/4/2021,9333,4964,https://www.facebook.com/CIEH.MoH.Lao/photos/a.1594657613892260/4202955146395814/
SK,Sekong,16,29/4/2021,1974,639,https://www.facebook.com/CIEH.MoH.Lao/photos/a.1594657613892260/4202955146395814/
CPS,Champasak,4,29/4/2021,18050,13639,https://www.facebook.com/CIEH.MoH.Lao/photos/a.1594657613892260/4202955146395814/
ATP,Attapeu,1,29/4/2021,1945,506,https://www.facebook.com/CIEH.MoH.Lao/photos/a.1594657613892260/4202955146395814/
XSB,Xaysomboun,15,29/4/2021,1044,237,https://www.facebook.com/CIEH.MoH.Lao/photos/a.1594657613892260/4202955146395814/
CENTRE,Central Hospitals,99,3/5/2021,23194,2849,https://www.facebook.com/CIEH.MoH.Lao/photos/a.1594657613892260/4212474238777238/
VTE,Vientiane Capital,13,3/5/2021,57559,6672,https://www.facebook.com/CIEH.MoH.Lao/photos/a.1594657613892260/4212474238777238/
PHO,Phongsaly,10,3/5/2021,1834,257,https://www.facebook.com/CIEH.MoH.Lao/photos/a.1594657613892260/4212474238777238/
LNT,Luangnamtha,7,3/5/2021,6888,3529,https://www.facebook.com/CIEH.MoH.Lao/photos/a.1594657613892260/4212474238777238/
ODX,Oudomxay,9,3/5/2021,4688,1556,https://www.facebook.com/CIEH.MoH.Lao/photos/a.1594657613892260/4212474238777238/
BK ,Bokeo,2,3/5/2021,8048,4094,https://www.facebook.com/CIEH.MoH.Lao/photos/a.1594657613892260/4212474238777238/
LPB,Luangprabang,8,3/5/2021,16945,6352,https://www.facebook.com/CIEH.MoH.Lao/photos/a.1594657613892260/4212474238777238/
HPH,Huaphanh,5,3/5/2021,3750,1867,https://www.facebook.com/CIEH.MoH.Lao/photos/a.1594657613892260/4212474238777238/
XYB,Xayabury,0,3/5/2021,18618,9025,https://www.facebook.com/CIEH.MoH.Lao/photos/a.1594657613892260/4212474238777238/
XK,Xiengkhuang,17,3/5/2021,6912,2221,https://www.facebook.com/CIEH.MoH.Lao/photos/a.1594657613892260/4212474238777238/
VTP,Vientiane,14,3/5/2021,12291,4238,https://www.facebook.com/CIEH.MoH.Lao/photos/a.1594657613892260/4212474238777238/
BKX,Borikhamxay,3,3/5/2021,11561,4017,https://www.facebook.com/CIEH.MoH.Lao/photos/a.1594657613892260/4212474238777238/
KHM,Khammuane,6,3/5/2021,10290,3707,https://www.facebook.com/CIEH.MoH.Lao/photos/a.1594657613892260/4212474238777238/
SVK,Savannakhet,12,3/5/2021,22759,4204,https://www.facebook.com/CIEH.MoH.Lao/photos/a.1594657613892260/4212474238777238/
SLV,Saravane,11,3/5/2021,9389,4999,https://www.facebook.com/CIEH.MoH.Lao/photos/a.1594657613892260/4212474238777238/
SK,Sekong,16,3/5/2021,2301,742,https://www.facebook.com/CIEH.MoH.Lao/photos/a.1594657613892260/4212474238777238/
CPS,Champasak,4,3/5/2021,21664,13778,https://www.facebook.com/CIEH.MoH.Lao/photos/a.1594657613892260/4212474238777238/
ATP,Attapeu,1,3/5/2021,3324,631,https://www.facebook.com/CIEH.MoH.Lao/photos/a.1594657613892260/4212474238777238/
XSB,Xaysomboun,15,3/5/2021,1044,237,https://www.facebook.com/CIEH.MoH.Lao/photos/a.1594657613892260/4212474238777238/
CENTRE,Central Hospitals,99,5/5/2021,28752,3247,https://www.facebook.com/CIEH.MoH.Lao/photos/a.1594657613892260/4219020868122575/
VTE,Vientiane Capital,13,5/5/2021,69738,8369,https://www.facebook.com/CIEH.MoH.Lao/photos/a.1594657613892260/4219020868122575/
PHO,Phongsaly,10,5/5/2021,1959,370,https://www.facebook.com/CIEH.MoH.Lao/photos/a.1594657613892260/4219020868122575/
LNT,Luangnamtha,7,5/5/2021,9404,3532,https://www.facebook.com/CIEH.MoH.Lao/photos/a.1594657613892260/4219020868122575/
ODX,Oudomxay,9,5/5/2021,6788,1563,https://www.facebook.com/CIEH.MoH.Lao/photos/a.1594657613892260/4219020868122575/
BK ,Bokeo,2,5/5/2021,23955,4120,https://www.facebook.com/CIEH.MoH.Lao/photos/a.1594657613892260/4219020868122575/
LPB,Luangprabang,8,5/5/2021,19005,6590,https://www.facebook.com/CIEH.MoH.Lao/photos/a.1594657613892260/4219020868122575/
HPH,Huaphanh,5,5/5/2021,4019,1904,https://www.facebook.com/CIEH.MoH.Lao/photos/a.1594657613892260/4219020868122575/
XYB,Xayabury,0,5/5/2021,20072,9028,https://www.facebook.com/CIEH.MoH.Lao/photos/a.1594657613892260/4219020868122575/
XK,Xiengkhuang,17,5/5/2021,8132,2387,https://www.facebook.com/CIEH.MoH.Lao/photos/a.1594657613892260/4219020868122575/
VTP,Vientiane,14,5/5/2021,17582,5115,https://www.facebook.com/CIEH.MoH.Lao/photos/a.1594657613892260/4219020868122575/
BKX,Borikhamxay,3,5/5/2021,13008,4019,https://www.facebook.com/CIEH.MoH.Lao/photos/a.1594657613892260/4219020868122575/
KHM,Khammuane,6,5/5/2021,13237,3877,https://www.facebook.com/CIEH.MoH.Lao/photos/a.1594657613892260/4219020868122575/
SVK,Savannakhet,12,5/5/2021,25339,4230,https://www.facebook.com/CIEH.MoH.Lao/photos/a.1594657613892260/4219020868122575/
SLV,Saravane,11,5/5/2021,9412,5009,https://www.facebook.com/CIEH.MoH.Lao/photos/a.1594657613892260/4219020868122575/
SK,Sekong,16,5/5/2021,2875,828,https://www.facebook.com/CIEH.MoH.Lao/photos/a.1594657613892260/4219020868122575/
CPS,Champasak,4,5/5/2021,31602,13860,https://www.facebook.com/CIEH.MoH.Lao/photos/a.1594657613892260/4219020868122575/
ATP,Attapeu,1,5/5/2021,3875,637,https://www.facebook.com/CIEH.MoH.Lao/photos/a.1594657613892260/4219020868122575/
XSB,Xaysomboun,15,5/5/2021,1170,246,https://www.facebook.com/CIEH.MoH.Lao/photos/a.1594657613892260/4219020868122575/
CENTRE,Central Hospitals,99,6/5/2021,39391,3253,https://www.facebook.com/CIEH.MoH.Lao/photos/a.1580136645344357/4221650871192908/
VTE,Vientiane Capital,13,6/5/2021,73511,8623,https://www.facebook.com/CIEH.MoH.Lao/photos/a.1580136645344357/4221650871192908/
PHO,Phongsaly,10,6/5/2021,1959,663,https://www.facebook.com/CIEH.MoH.Lao/photos/a.1580136645344357/4221650871192908/
LNT,Luangnamtha,7,6/5/2021,10142,3534,https://www.facebook.com/CIEH.MoH.Lao/photos/a.1580136645344357/4221650871192908/
ODX,Oudomxay,9,6/5/2021,9045,1567,https://www.facebook.com/CIEH.MoH.Lao/photos/a.1580136645344357/4221650871192908/
BK ,Bokeo,2,6/5/2021,25383,4120,https://www.facebook.com/CIEH.MoH.Lao/photos/a.1580136645344357/4221650871192908/
LPB,Luangprabang,8,6/5/2021,19567,6641,https://www.facebook.com/CIEH.MoH.Lao/photos/a.1580136645344357/4221650871192908/
HPH,Huaphanh,5,6/5/2021,4256,1920,https://www.facebook.com/CIEH.MoH.Lao/photos/a.1580136645344357/4221650871192908/
XYB,Xayabury,0,6/5/2021,21751,9030,https://www.facebook.com/CIEH.MoH.Lao/photos/a.1580136645344357/4221650871192908/
XK,Xiengkhuang,17,6/5/2021,8168,2391,https://www.facebook.com/CIEH.MoH.Lao/photos/a.1580136645344357/4221650871192908/
VTP,Vientiane,14,6/5/2021,19768,5495,https://www.facebook.com/CIEH.MoH.Lao/photos/a.1580136645344357/4221650871192908/
BKX,Borikhamxay,3,6/5/2021,14944,4026,https://www.facebook.com/CIEH.MoH.Lao/photos/a.1580136645344357/4221650871192908/
KHM,Khammuane,6,6/5/2021,16131,4406,https://www.facebook.com/CIEH.MoH.Lao/photos/a.1580136645344357/4221650871192908/
SVK,Savannakhet,12,6/5/2021,29151,4867,https://www.facebook.com/CIEH.MoH.Lao/photos/a.1580136645344357/4221650871192908/
SLV,Saravane,11,6/5/2021,9602,5093,https://www.facebook.com/CIEH.MoH.Lao/photos/a.1580136645344357/4221650871192908/
SK,Sekong,16,6/5/2021,3092,839,https://www.facebook.com/CIEH.MoH.Lao/photos/a.1580136645344357/4221650871192908/
CPS,Champasak,4,6/5/2021,31893,13921,https://www.facebook.com/CIEH.MoH.Lao/photos/a.1580136645344357/4221650871192908/
ATP,Attapeu,1,6/5/2021,3359,656,https://www.facebook.com/CIEH.MoH.Lao/photos/a.1580136645344357/4221650871192908/
XSB,Xaysomboun,15,6/5/2021,1243,285,https://www.facebook.com/CIEH.MoH.Lao/photos/a.1580136645344357/4221650871192908/
CENTRE,Central Hospitals,99,8/5/2021,40596,3356,https://www.facebook.com/CIEH.MoH.Lao/photos/a.1594657613892260/4228344873856841/
VTE,Vientiane Capital,13,8/5/2021,82348,9016,https://www.facebook.com/CIEH.MoH.Lao/photos/a.1594657613892260/4228344873856841/
PHO,Phongsaly,10,8/5/2021,2040,733,https://www.facebook.com/CIEH.MoH.Lao/photos/a.1594657613892260/4228344873856841/
LNT,Luangnamtha,7,8/5/2021,14169,3534,https://www.facebook.com/CIEH.MoH.Lao/photos/a.1594657613892260/4228344873856841/
ODX,Oudomxay,9,8/5/2021,12862,1569,https://www.facebook.com/CIEH.MoH.Lao/photos/a.1594657613892260/4228344873856841/
BK ,Bokeo,2,8/5/2021,26757,4134,https://www.facebook.com/CIEH.MoH.Lao/photos/a.1594657613892260/4228344873856841/
LPB,Luangprabang,8,8/5/2021,20015,6652,https://www.facebook.com/CIEH.MoH.Lao/photos/a.1594657613892260/4228344873856841/
HPH,Huaphanh,5,8/5/2021,4743,2152,https://www.facebook.com/CIEH.MoH.Lao/photos/a.1594657613892260/4228344873856841/
XYB,Xayabury,0,8/5/2021,22465,9055,https://www.facebook.com/CIEH.MoH.Lao/photos/a.1594657613892260/4228344873856841/
XK,Xiengkhuang,17,8/5/2021,9322,2416,https://www.facebook.com/CIEH.MoH.Lao/photos/a.1594657613892260/4228344873856841/
VTP,Vientiane,14,8/5/2021,23168,5495,https://www.facebook.com/CIEH.MoH.Lao/photos/a.1594657613892260/4228344873856841/
BKX,Borikhamxay,3,8/5/2021,15559,4027,https://www.facebook.com/CIEH.MoH.Lao/photos/a.1594657613892260/4228344873856841/
KHM,Khammuane,6,8/5/2021,17638,4456,https://www.facebook.com/CIEH.MoH.Lao/photos/a.1594657613892260/4228344873856841/
SVK,Savannakhet,12,8/5/2021,31238,4908,https://www.facebook.com/CIEH.MoH.Lao/photos/a.1594657613892260/4228344873856841/
SLV,Saravane,11,8/5/2021,9716,5110,https://www.facebook.com/CIEH.MoH.Lao/photos/a.1594657613892260/4228344873856841/
SK,Sekong,16,8/5/2021,3274,866,https://www.facebook.com/CIEH.MoH.Lao/photos/a.1594657613892260/4228344873856841/
CPS,Champasak,4,8/5/2021,31893,14251,https://www.facebook.com/CIEH.MoH.Lao/photos/a.1594657613892260/4228344873856841/
ATP,Attapeu,1,8/5/2021,4632,661,https://www.facebook.com/CIEH.MoH.Lao/photos/a.1594657613892260/4228344873856841/
XSB,Xaysomboun,15,8/5/2021,1293,325,https://www.facebook.com/CIEH.MoH.Lao/photos/a.1594657613892260/4228344873856841/
CENTRE,Central Hospitals,99,10/5/2021,40926,3356,https://www.facebook.com/CIEH.MoH.Lao/photos/a.1580136645344357/4231781790179816/
VTE,Vientiane Capital,13,10/5/2021,86844,10594,https://www.facebook.com/CIEH.MoH.Lao/photos/a.1580136645344357/4231781790179816/
PHO,Phongsaly,10,10/5/2021,2164,733,https://www.facebook.com/CIEH.MoH.Lao/photos/a.1580136645344357/4231781790179816/
LNT,Luangnamtha,7,10/5/2021,15047,3534,https://www.facebook.com/CIEH.MoH.Lao/photos/a.1580136645344357/4231781790179816/
ODX,Oudomxay,9,10/5/2021,13860,1572,https://www.facebook.com/CIEH.MoH.Lao/photos/a.1580136645344357/4231781790179816/
BK ,Bokeo,2,10/5/2021,50882,4171,https://www.facebook.com/CIEH.MoH.Lao/photos/a.1580136645344357/4231781790179816/
LPB,Luangprabang,8,10/5/2021,20934,6652,https://www.facebook.com/CIEH.MoH.Lao/photos/a.1580136645344357/4231781790179816/
HPH,Huaphanh,5,10/5/2021,4898,2166,https://www.facebook.com/CIEH.MoH.Lao/photos/a.1580136645344357/4231781790179816/
XYB,Xayabury,0,10/5/2021,24417,9084,https://www.facebook.com/CIEH.MoH.Lao/photos/a.1580136645344357/4231781790179816/
XK,Xiengkhuang,17,10/5/2021,9357,2419,https://www.facebook.com/CIEH.MoH.Lao/photos/a.1580136645344357/4231781790179816/
VTP,Vientiane,14,10/5/2021,23805,5495,https://www.facebook.com/CIEH.MoH.Lao/photos/a.1580136645344357/4231781790179816/
BKX,Borikhamxay,3,10/5/2021,15559,4027,https://www.facebook.com/CIEH.MoH.Lao/photos/a.1580136645344357/4231781790179816/
KHM,Khammuane,6,10/5/2021,17975,4462,https://www.facebook.com/CIEH.MoH.Lao/photos/a.1580136645344357/4231781790179816/
SVK,Savannakhet,12,10/5/2021,32175,4923,https://www.facebook.com/CIEH.MoH.Lao/photos/a.1580136645344357/4231781790179816/
SLV,Saravane,11,10/5/2021,9808,5120,https://www.facebook.com/CIEH.MoH.Lao/photos/a.1580136645344357/4231781790179816/
SK,Sekong,16,10/5/2021,3441,866,https://www.facebook.com/CIEH.MoH.Lao/photos/a.1580136645344357/4231781790179816/
CPS,Champasak,4,10/5/2021,39891,14265,https://www.facebook.com/CIEH.MoH.Lao/photos/a.1580136645344357/4231781790179816/
ATP,Attapeu,1,10/5/2021,5001,664,https://www.facebook.com/CIEH.MoH.Lao/photos/a.1580136645344357/4231781790179816/
XSB,Xaysomboun,15,10/5/2021,1293,325,https://www.facebook.com/CIEH.MoH.Lao/photos/a.1580136645344357/4231781790179816/
CENTRE,Central Hospitals,99,13/5/2021,49980,4096,https://www.facebook.com/CIEH.MoH.Lao/photos/a.1580136645344357/4243636912327637/
VTE,Vientiane Capital,13,13/5/2021,98557,11160,https://www.facebook.com/CIEH.MoH.Lao/photos/a.1580136645344357/4243636912327637/
PHO,Phongsaly,10,13/5/2021,2584,788,https://www.facebook.com/CIEH.MoH.Lao/photos/a.1580136645344357/4243636912327637/
LNT,Luangnamtha,7,13/5/2021,17392,4040,https://www.facebook.com/CIEH.MoH.Lao/photos/a.1580136645344357/4243636912327637/
ODX,Oudomxay,9,13/5/2021,16147,1614,https://www.facebook.com/CIEH.MoH.Lao/photos/a.1580136645344357/4243636912327637/
BK ,Bokeo,2,13/5/2021,59031,4707,https://www.facebook.com/CIEH.MoH.Lao/photos/a.1580136645344357/4243636912327637/
LPB,Luangprabang,8,13/5/2021,24274,6730,https://www.facebook.com/CIEH.MoH.Lao/photos/a.1580136645344357/4243636912327637/
HPH,Huaphanh,5,13/5/2021,5367,2186,https://www.facebook.com/CIEH.MoH.Lao/photos/a.1580136645344357/4243636912327637/
XYB,Xayabury,0,13/5/2021,28540,9158,https://www.facebook.com/CIEH.MoH.Lao/photos/a.1580136645344357/4243636912327637/
XK,Xiengkhuang,17,13/5/2021,10449,2722,https://www.facebook.com/CIEH.MoH.Lao/photos/a.1580136645344357/4243636912327637/
VTP,Vientiane,14,13/5/2021,26283,5495,https://www.facebook.com/CIEH.MoH.Lao/photos/a.1580136645344357/4243636912327637/
BKX,Borikhamxay,3,13/5/2021,16282,4080,https://www.facebook.com/CIEH.MoH.Lao/photos/a.1580136645344357/4243636912327637/
KHM,Khammuane,6,13/5/2021,20712,4531,https://www.facebook.com/CIEH.MoH.Lao/photos/a.1580136645344357/4243636912327637/
SVK,Savannakhet,12,13/5/2021,36144,4990,https://www.facebook.com/CIEH.MoH.Lao/photos/a.1580136645344357/4243636912327637/
SLV,Saravane,11,13/5/2021,12119,5287,https://www.facebook.com/CIEH.MoH.Lao/photos/a.1580136645344357/4243636912327637/
SK,Sekong,16,13/5/2021,3728,916,https://www.facebook.com/CIEH.MoH.Lao/photos/a.1580136645344357/4243636912327637/
CPS,Champasak,4,13/5/2021,39891,14912,https://www.facebook.com/CIEH.MoH.Lao/photos/a.1580136645344357/4243636912327637/
ATP,Attapeu,1,13/5/2021,6116,673,https://www.facebook.com/CIEH.MoH.Lao/photos/a.1580136645344357/4243636912327637/
XSB,Xaysomboun,15,13/5/2021,1387,328,https://www.facebook.com/CIEH.MoH.Lao/photos/a.1580136645344357/4243636912327637/
CENTRE,Central Hospitals,99,16/5/2021,62924,4160,https://www.facebook.com/CIEH.MoH.Lao/photos/a.1580136645344357/4252839018074093/
VTE,Vientiane Capital,13,16/5/2021,129288,12322,https://www.facebook.com/CIEH.MoH.Lao/photos/a.1580136645344357/4252839018074093/
PHO,Phongsaly,10,16/5/2021,2661,867,https://www.facebook.com/CIEH.MoH.Lao/photos/a.1580136645344357/4252839018074093/
LNT,Luangnamtha,7,16/5/2021,17392,4040,https://www.facebook.com/CIEH.MoH.Lao/photos/a.1580136645344357/4252839018074093/
ODX,Oudomxay,9,16/5/2021,16255,1781,https://www.facebook.com/CIEH.MoH.Lao/photos/a.1580136645344357/4252839018074093/
BK ,Bokeo,2,16/5/2021,66197,4726,https://www.facebook.com/CIEH.MoH.Lao/photos/a.1580136645344357/4252839018074093/
LPB,Luangprabang,8,16/5/2021,26201,6733,https://www.facebook.com/CIEH.MoH.Lao/photos/a.1580136645344357/4252839018074093/
HPH,Huaphanh,5,16/5/2021,5812,2189,https://www.facebook.com/CIEH.MoH.Lao/photos/a.1580136645344357/4252839018074093/
XYB,Xayabury,0,16/5/2021,30615,9166,https://www.facebook.com/CIEH.MoH.Lao/photos/a.1580136645344357/4252839018074093/
XK,Xiengkhuang,17,16/5/2021,11146,2780,https://www.facebook.com/CIEH.MoH.Lao/photos/a.1580136645344357/4252839018074093/
VTP,Vientiane,14,16/5/2021,28038,5542,https://www.facebook.com/CIEH.MoH.Lao/photos/a.1580136645344357/4252839018074093/
BKX,Borikhamxay,3,16/5/2021,16795,4103,https://www.facebook.com/CIEH.MoH.Lao/photos/a.1580136645344357/4252839018074093/
KHM,Khammuane,6,16/5/2021,20728,4532,https://www.facebook.com/CIEH.MoH.Lao/photos/a.1580136645344357/4252839018074093/
SVK,Savannakhet,12,16/5/2021,37974,5045,https://www.facebook.com/CIEH.MoH.Lao/photos/a.1580136645344357/4252839018074093/
SLV,Saravane,11,16/5/2021,12288,5291,https://www.facebook.com/CIEH.MoH.Lao/photos/a.1580136645344357/4252839018074093/
SK,Sekong,16,16/5/2021,3775,1012,https://www.facebook.com/CIEH.MoH.Lao/photos/a.1580136645344357/4252839018074093/
CPS,Champasak,4,16/5/2021,37193,14935,https://www.facebook.com/CIEH.MoH.Lao/photos/a.1580136645344357/4252839018074093/
ATP,Attapeu,1,16/5/2021,6491,841,https://www.facebook.com/CIEH.MoH.Lao/photos/a.1580136645344357/4252839018074093/
XSB,Xaysomboun,15,16/5/2021,1399,331,https://www.facebook.com/CIEH.MoH.Lao/photos/a.1580136645344357/4252839018074093/
CENTRE,Central Hospitals,99,17/5/2021,63593,4200,https://www.facebook.com/CIEH.MoH.Lao/photos/a.1594657613892260/4256655114359150/
VTE,Vientiane Capital,13,17/5/2021,131750,12817,https://www.facebook.com/CIEH.MoH.Lao/photos/a.1594657613892260/4256655114359150/
PHO,Phongsaly,10,17/5/2021,2755,869,https://www.facebook.com/CIEH.MoH.Lao/photos/a.1594657613892260/4256655114359150/
LNT,Luangnamtha,7,17/5/2021,17392,4040,https://www.facebook.com/CIEH.MoH.Lao/photos/a.1594657613892260/4256655114359150/
ODX,Oudomxay,9,17/5/2021,16436,1959,https://www.facebook.com/CIEH.MoH.Lao/photos/a.1594657613892260/4256655114359150/
BK ,Bokeo,2,17/5/2021,66363,4727,https://www.facebook.com/CIEH.MoH.Lao/photos/a.1594657613892260/4256655114359150/
LPB,Luangprabang,8,17/5/2021,27049,7152,https://www.facebook.com/CIEH.MoH.Lao/photos/a.1594657613892260/4256655114359150/
HPH,Huaphanh,5,17/5/2021,5887,2200,https://www.facebook.com/CIEH.MoH.Lao/photos/a.1594657613892260/4256655114359150/
XYB,Xayabury,0,17/5/2021,31025,9167,https://www.facebook.com/CIEH.MoH.Lao/photos/a.1594657613892260/4256655114359150/
XK,Xiengkhuang,17,17/5/2021,11177,2821,https://www.facebook.com/CIEH.MoH.Lao/photos/a.1594657613892260/4256655114359150/
VTP,Vientiane,14,17/5/2021,28270,5543,https://www.facebook.com/CIEH.MoH.Lao/photos/a.1594657613892260/4256655114359150/
BKX,Borikhamxay,3,17/5/2021,16795,4106,https://www.facebook.com/CIEH.MoH.Lao/photos/a.1594657613892260/4256655114359150/
KHM,Khammuane,6,17/5/2021,21956,4647,https://www.facebook.com/CIEH.MoH.Lao/photos/a.1594657613892260/4256655114359150/
SVK,Savannakhet,12,17/5/2021,38817,5735,https://www.facebook.com/CIEH.MoH.Lao/photos/a.1594657613892260/4256655114359150/
SLV,Saravane,11,17/5/2021,13400,5346,https://www.facebook.com/CIEH.MoH.Lao/photos/a.1594657613892260/4256655114359150/
SK,Sekong,16,17/5/2021,3849,1048,https://www.facebook.com/CIEH.MoH.Lao/photos/a.1594657613892260/4256655114359150/
CPS,Champasak,4,17/5/2021,37306,14935,https://www.facebook.com/CIEH.MoH.Lao/photos/a.1594657613892260/4256655114359150/
ATP,Attapeu,1,17/5/2021,6899,912,https://www.facebook.com/CIEH.MoH.Lao/photos/a.1594657613892260/4256655114359150/
XSB,Xaysomboun,15,17/5/2021,1413,331,https://www.facebook.com/CIEH.MoH.Lao/photos/a.1594657613892260/4256655114359150/
CENTRE,Central Hospitals,99,19/5/2021,67049,5375,https://www.facebook.com/CIEH.MoH.Lao/photos/a.1594657613892260/4263267643697897/
VTE,Vientiane Capital,13,19/5/2021,139057,14834,https://www.facebook.com/CIEH.MoH.Lao/photos/a.1594657613892260/4263267643697897/
PHO,Phongsaly,10,19/5/2021,2755,1091,https://www.facebook.com/CIEH.MoH.Lao/photos/a.1594657613892260/4263267643697897/
LNT,Luangnamtha,7,19/5/2021,17392,4040,https://www.facebook.com/CIEH.MoH.Lao/photos/a.1594657613892260/4263267643697897/
ODX,Oudomxay,9,19/5/2021,16436,2337,https://www.facebook.com/CIEH.MoH.Lao/photos/a.1594657613892260/4263267643697897/
BK ,Bokeo,2,19/5/2021,67056,5286,https://www.facebook.com/CIEH.MoH.Lao/photos/a.1594657613892260/4263267643697897/
LPB,Luangprabang,8,19/5/2021,28813,7245,https://www.facebook.com/CIEH.MoH.Lao/photos/a.1594657613892260/4263267643697897/
HPH,Huaphanh,5,19/5/2021,6199,2280,https://www.facebook.com/CIEH.MoH.Lao/photos/a.1594657613892260/4263267643697897/
XYB,Xayabury,0,19/5/2021,31884,9170,https://www.facebook.com/CIEH.MoH.Lao/photos/a.1594657613892260/4263267643697897/
XK,Xiengkhuang,17,19/5/2021,12596,3844,https://www.facebook.com/CIEH.MoH.Lao/photos/a.1594657613892260/4263267643697897/
VTP,Vientiane,14,19/5/2021,30262,5650,https://www.facebook.com/CIEH.MoH.Lao/photos/a.1594657613892260/4263267643697897/
BKX,Borikhamxay,3,19/5/2021,19310,5226,https://www.facebook.com/CIEH.MoH.Lao/photos/a.1594657613892260/4263267643697897/
KHM,Khammuane,6,19/5/2021,22564,5184,https://www.facebook.com/CIEH.MoH.Lao/photos/a.1594657613892260/4263267643697897/
SVK,Savannakhet,12,19/5/2021,40697,6413,https://www.facebook.com/CIEH.MoH.Lao/photos/a.1594657613892260/4263267643697897/
SLV,Saravane,11,19/5/2021,14325,5566,https://www.facebook.com/CIEH.MoH.Lao/photos/a.1594657613892260/4263267643697897/
SK,Sekong,16,19/5/2021,3995,1249,https://www.facebook.com/CIEH.MoH.Lao/photos/a.1594657613892260/4263267643697897/
CPS,Champasak,4,19/5/2021,37306,14983,https://www.facebook.com/CIEH.MoH.Lao/photos/a.1594657613892260/4263267643697897/
ATP,Attapeu,1,19/5/2021,9107,922,https://www.facebook.com/CIEH.MoH.Lao/photos/a.1594657613892260/4263267643697897/
XSB,Xaysomboun,15,19/5/2021,1430,331,https://www.facebook.com/CIEH.MoH.Lao/photos/a.1594657613892260/4263267643697897/
CENTRE,Central Hospitals,99,20/5/2021,67899,5719,https://www.facebook.com/CIEH.MoH.Lao/photos/a.1594657613892260/4266301653394496/
VTE,Vientiane Capital,13,20/5/2021,140980,15125,https://www.facebook.com/CIEH.MoH.Lao/photos/a.1594657613892260/4266301653394496/
PHO,Phongsaly,10,20/5/2021,3411,1134,https://www.facebook.com/CIEH.MoH.Lao/photos/a.1594657613892260/4266301653394496/
LNT,Luangnamtha,7,20/5/2021,18104,4040,https://www.facebook.com/CIEH.MoH.Lao/photos/a.1594657613892260/4266301653394496/
ODX,Oudomxay,9,20/5/2021,16546,2448,https://www.facebook.com/CIEH.MoH.Lao/photos/a.1594657613892260/4266301653394496/
BK ,Bokeo,2,20/5/2021,67367,5764,https://www.facebook.com/CIEH.MoH.Lao/photos/a.1594657613892260/4266301653394496/
LPB,Luangprabang,8,20/5/2021,30820,7260,https://www.facebook.com/CIEH.MoH.Lao/photos/a.1594657613892260/4266301653394496/
HPH,Huaphanh,5,20/5/2021,6342,2405,https://www.facebook.com/CIEH.MoH.Lao/photos/a.1594657613892260/4266301653394496/
XYB,Xayabury,0,20/5/2021,34294,9221,https://www.facebook.com/CIEH.MoH.Lao/photos/a.1594657613892260/4266301653394496/
XK,Xiengkhuang,17,20/5/2021,13203,4230,https://www.facebook.com/CIEH.MoH.Lao/photos/a.1594657613892260/4266301653394496/
VTP,Vientiane,14,20/5/2021,31096,5689,https://www.facebook.com/CIEH.MoH.Lao/photos/a.1594657613892260/4266301653394496/
BKX,Borikhamxay,3,20/5/2021,21492,5906,https://www.facebook.com/CIEH.MoH.Lao/photos/a.1594657613892260/4266301653394496/
KHM,Khammuane,6,20/5/2021,23089,5251,https://www.facebook.com/CIEH.MoH.Lao/photos/a.1594657613892260/4266301653394496/
SVK,Savannakhet,12,20/5/2021,41627,6984,https://www.facebook.com/CIEH.MoH.Lao/photos/a.1594657613892260/4266301653394496/
SLV,Saravane,11,20/5/2021,15786,6149,https://www.facebook.com/CIEH.MoH.Lao/photos/a.1594657613892260/4266301653394496/
SK,Sekong,16,20/5/2021,4036,1383,https://www.facebook.com/CIEH.MoH.Lao/photos/a.1594657613892260/4266301653394496/
CPS,Champasak,4,20/5/2021,37308,15002,https://www.facebook.com/CIEH.MoH.Lao/photos/a.1594657613892260/4266301653394496/
ATP,Attapeu,1,20/5/2021,9579,961,https://www.facebook.com/CIEH.MoH.Lao/photos/a.1594657613892260/4266301653394496/
XSB,Xaysomboun,15,20/5/2021,1553,461,https://www.facebook.com/CIEH.MoH.Lao/photos/a.1594657613892260/4266301653394496/
CENTRE,Central Hospitals,99,21/5/2021,67899,5719,https://www.facebook.com/CIEH.MoH.Lao/photos/a.1580136645344357/4268278539863474/
VTE,Vientiane Capital,13,21/5/2021,140980,21160,https://www.facebook.com/CIEH.MoH.Lao/photos/a.1580136645344357/4268278539863474/
PHO,Phongsaly,10,21/5/2021,3411,1134,https://www.facebook.com/CIEH.MoH.Lao/photos/a.1580136645344357/4268278539863474/
LNT,Luangnamtha,7,21/5/2021,18104,4722,https://www.facebook.com/CIEH.MoH.Lao/photos/a.1580136645344357/4268278539863474/
ODX,Oudomxay,9,21/5/2021,16546,6059,https://www.facebook.com/CIEH.MoH.Lao/photos/a.1580136645344357/4268278539863474/
BK ,Bokeo,2,21/5/2021,68800,6098,https://www.facebook.com/CIEH.MoH.Lao/photos/a.1580136645344357/4268278539863474/
LPB,Luangprabang,8,21/5/2021,32015,7260,https://www.facebook.com/CIEH.MoH.Lao/photos/a.1580136645344357/4268278539863474/
HPH,Huaphanh,5,21/5/2021,6625,2732,https://www.facebook.com/CIEH.MoH.Lao/photos/a.1580136645344357/4268278539863474/
XYB,Xayabury,0,21/5/2021,36660,9315,https://www.facebook.com/CIEH.MoH.Lao/photos/a.1580136645344357/4268278539863474/
XK,Xiengkhuang,17,21/5/2021,13343,4377,https://www.facebook.com/CIEH.MoH.Lao/photos/a.1580136645344357/4268278539863474/
VTP,Vientiane,14,21/5/2021,32897,5818,https://www.facebook.com/CIEH.MoH.Lao/photos/a.1580136645344357/4268278539863474/
BKX,Borikhamxay,3,21/5/2021,21892,5906,https://www.facebook.com/CIEH.MoH.Lao/photos/a.1580136645344357/4268278539863474/
KHM,Khammuane,6,21/5/2021,23089,6402,https://www.facebook.com/CIEH.MoH.Lao/photos/a.1580136645344357/4268278539863474/
SVK,Savannakhet,12,21/5/2021,42636,7545,https://www.facebook.com/CIEH.MoH.Lao/photos/a.1580136645344357/4268278539863474/
SLV,Saravane,11,21/5/2021,22395,10185,https://www.facebook.com/CIEH.MoH.Lao/photos/a.1580136645344357/4268278539863474/
SK,Sekong,16,21/5/2021,4880,2109,https://www.facebook.com/CIEH.MoH.Lao/photos/a.1580136645344357/4268278539863474/
CPS,Champasak,4,21/5/2021,37308,18057,https://www.facebook.com/CIEH.MoH.Lao/photos/a.1580136645344357/4268278539863474/
ATP,Attapeu,1,21/5/2021,10773,1184,https://www.facebook.com/CIEH.MoH.Lao/photos/a.1580136645344357/4268278539863474/
XSB,Xaysomboun,15,21/5/2021,2416,521,https://www.facebook.com/CIEH.MoH.Lao/photos/a.1580136645344357/4268278539863474/
CENTRE,Central Hospitals,99,23/5/2021,70121,8625,https://www.facebook.com/CIEH.MoH.Lao/photos/a.1580136645344357/4274838165874178/
VTE,Vientiane Capital,13,23/5/2021,142030,21160,https://www.facebook.com/CIEH.MoH.Lao/photos/a.1580136645344357/4274838165874178/
PHO,Phongsaly,10,23/5/2021,3657,1286,https://www.facebook.com/CIEH.MoH.Lao/photos/a.1580136645344357/4274838165874178/
LNT,Luangnamtha,7,23/5/2021,18117,4722,https://www.facebook.com/CIEH.MoH.Lao/photos/a.1580136645344357/4274838165874178/
ODX,Oudomxay,9,23/5/2021,16546,6059,https://www.facebook.com/CIEH.MoH.Lao/photos/a.1580136645344357/4274838165874178/
BK ,Bokeo,2,23/5/2021,69274,6749,https://www.facebook.com/CIEH.MoH.Lao/photos/a.1580136645344357/4274838165874178/
LPB,Luangprabang,8,23/5/2021,32073,7260,https://www.facebook.com/CIEH.MoH.Lao/photos/a.1580136645344357/4274838165874178/
HPH,Huaphanh,5,23/5/2021,7149,2734,https://www.facebook.com/CIEH.MoH.Lao/photos/a.1580136645344357/4274838165874178/
XYB,Xayabury,0,23/5/2021,36660,9315,https://www.facebook.com/CIEH.MoH.Lao/photos/a.1580136645344357/4274838165874178/
XK,Xiengkhuang,17,23/5/2021,14191,4781,https://www.facebook.com/CIEH.MoH.Lao/photos/a.1580136645344357/4274838165874178/
VTP,Vientiane,14,23/5/2021,33154,5818,https://www.facebook.com/CIEH.MoH.Lao/photos/a.1580136645344357/4274838165874178/
BKX,Borikhamxay,3,23/5/2021,24107,6003,https://www.facebook.com/CIEH.MoH.Lao/photos/a.1580136645344357/4274838165874178/
KHM,Khammuane,6,23/5/2021,23804,6402,https://www.facebook.com/CIEH.MoH.Lao/photos/a.1580136645344357/4274838165874178/
SVK,Savannakhet,12,23/5/2021,45258,8670,https://www.facebook.com/CIEH.MoH.Lao/photos/a.1580136645344357/4274838165874178/
SLV,Saravane,11,23/5/2021,22395,10185,https://www.facebook.com/CIEH.MoH.Lao/photos/a.1580136645344357/4274838165874178/
SK,Sekong,16,23/5/2021,4880,2109,https://www.facebook.com/CIEH.MoH.Lao/photos/a.1580136645344357/4274838165874178/
CPS,Champasak,4,23/5/2021,37308,23202,https://www.facebook.com/CIEH.MoH.Lao/photos/a.1580136645344357/4274838165874178/
ATP,Attapeu,1,23/5/2021,10773,1198,https://www.facebook.com/CIEH.MoH.Lao/photos/a.1580136645344357/4274838165874178/
XSB,Xaysomboun,15,23/5/2021,2416,592,https://www.facebook.com/CIEH.MoH.Lao/photos/a.1580136645344357/4274838165874178/
CENTRE,Central Hospitals,99,24/5/2021,71867,12728,https://www.facebook.com/CIEH.MoH.Lao/photos/a.1580136645344357/4279337935424201/
VTE,Vientiane Capital,13,24/5/2021,146262,24289,https://www.facebook.com/CIEH.MoH.Lao/photos/a.1580136645344357/4279337935424201/
PHO,Phongsaly,10,24/5/2021,3761,1413,https://www.facebook.com/CIEH.MoH.Lao/photos/a.1580136645344357/4279337935424201/
LNT,Luangnamtha,7,24/5/2021,18117,4722,https://www.facebook.com/CIEH.MoH.Lao/photos/a.1580136645344357/4279337935424201/
ODX,Oudomxay,9,24/5/2021,16546,6059,https://www.facebook.com/CIEH.MoH.Lao/photos/a.1580136645344357/4279337935424201/
BK ,Bokeo,2,24/5/2021,69298,6841,https://www.facebook.com/CIEH.MoH.Lao/photos/a.1580136645344357/4279337935424201/
LPB,Luangprabang,8,24/5/2021,32602,7277,https://www.facebook.com/CIEH.MoH.Lao/photos/a.1580136645344357/4279337935424201/
HPH,Huaphanh,5,24/5/2021,7568,2788,https://www.facebook.com/CIEH.MoH.Lao/photos/a.1580136645344357/4279337935424201/
XYB,Xayabury,0,24/5/2021,36660,9315,https://www.facebook.com/CIEH.MoH.Lao/photos/a.1580136645344357/4279337935424201/
XK,Xiengkhuang,17,24/5/2021,14409,5112,https://www.facebook.com/CIEH.MoH.Lao/photos/a.1580136645344357/4279337935424201/
VTP,Vientiane,14,24/5/2021,34518,5837,https://www.facebook.com/CIEH.MoH.Lao/photos/a.1580136645344357/4279337935424201/
BKX,Borikhamxay,3,24/5/2021,24456,6380,https://www.facebook.com/CIEH.MoH.Lao/photos/a.1580136645344357/4279337935424201/
KHM,Khammuane,6,24/5/2021,24175,6402,https://www.facebook.com/CIEH.MoH.Lao/photos/a.1580136645344357/4279337935424201/
SVK,Savannakhet,12,24/5/2021,45631,8716,https://www.facebook.com/CIEH.MoH.Lao/photos/a.1580136645344357/4279337935424201/
SLV,Saravane,11,24/5/2021,22395,10185,https://www.facebook.com/CIEH.MoH.Lao/photos/a.1580136645344357/4279337935424201/
SK,Sekong,16,24/5/2021,4880,2109,https://www.facebook.com/CIEH.MoH.Lao/photos/a.1580136645344357/4279337935424201/
CPS,Champasak,4,24/5/2021,37308,23202,https://www.facebook.com/CIEH.MoH.Lao/photos/a.1580136645344357/4279337935424201/
ATP,Attapeu,1,24/5/2021,10773,1252,https://www.facebook.com/CIEH.MoH.Lao/photos/a.1580136645344357/4279337935424201/
XSB,Xaysomboun,15,24/5/2021,2416,613,https://www.facebook.com/CIEH.MoH.Lao/photos/a.1580136645344357/4279337935424201/
CENTRE,Central Hospitals,99,26/5/2021,72766,18182,https://www.facebook.com/CIEH.MoH.Lao/photos/a.1580136645344357/4285375421487119/
VTE,Vientiane Capital,13,26/5/2021,154676,36442,https://www.facebook.com/CIEH.MoH.Lao/photos/a.1580136645344357/4285375421487119/
PHO,Phongsaly,10,26/5/2021,3761,1568,https://www.facebook.com/CIEH.MoH.Lao/photos/a.1580136645344357/4285375421487119/
LNT,Luangnamtha,7,26/5/2021,18122,4722,https://www.facebook.com/CIEH.MoH.Lao/photos/a.1580136645344357/4285375421487119/
ODX,Oudomxay,9,26/5/2021,16546,6059,https://www.facebook.com/CIEH.MoH.Lao/photos/a.1580136645344357/4285375421487119/
BK ,Bokeo,2,26/5/2021,69889,13346,https://www.facebook.com/CIEH.MoH.Lao/photos/a.1580136645344357/4285375421487119/
LPB,Luangprabang,8,26/5/2021,33552,8631,https://www.facebook.com/CIEH.MoH.Lao/photos/a.1580136645344357/4285375421487119/
HPH,Huaphanh,5,26/5/2021,8844,3025,https://www.facebook.com/CIEH.MoH.Lao/photos/a.1580136645344357/4285375421487119/
XYB,Xayabury,0,26/5/2021,36750,9797,https://www.facebook.com/CIEH.MoH.Lao/photos/a.1580136645344357/4285375421487119/
XK,Xiengkhuang,17,26/5/2021,15939,5725,https://www.facebook.com/CIEH.MoH.Lao/photos/a.1580136645344357/4285375421487119/
VTP,Vientiane,14,26/5/2021,38604,5920,https://www.facebook.com/CIEH.MoH.Lao/photos/a.1580136645344357/4285375421487119/
BKX,Borikhamxay,3,26/5/2021,24943,9049,https://www.facebook.com/CIEH.MoH.Lao/photos/a.1580136645344357/4285375421487119/
KHM,Khammuane,6,26/5/2021,25726,6402,https://www.facebook.com/CIEH.MoH.Lao/photos/a.1580136645344357/4285375421487119/
SVK,Savannakhet,12,26/5/2021,49812,10022,https://www.facebook.com/CIEH.MoH.Lao/photos/a.1580136645344357/4285375421487119/
SLV,Saravane,11,26/5/2021,22395,10185,https://www.facebook.com/CIEH.MoH.Lao/photos/a.1580136645344357/4285375421487119/
SK,Sekong,16,26/5/2021,4880,2109,https://www.facebook.com/CIEH.MoH.Lao/photos/a.1580136645344357/4285375421487119/
CPS,Champasak,4,26/5/2021,37309,28614,https://www.facebook.com/CIEH.MoH.Lao/photos/a.1580136645344357/4285375421487119/
ATP,Attapeu,1,26/5/2021,10241,1696,https://www.facebook.com/CIEH.MoH.Lao/photos/a.1580136645344357/4285375421487119/
XSB,Xaysomboun,15,26/5/2021,2416,674,https://www.facebook.com/CIEH.MoH.Lao/photos/a.1580136645344357/4285375421487119/
CENTRE,Central Hospitals,99,27/5/2021,72766,19916,https://www.facebook.com/CIEH.MoH.Lao/photos/a.1580136645344357/4289038314454163/
VTE,Vientiane Capital,13,27/5/2021,155208,37264,https://www.facebook.com/CIEH.MoH.Lao/photos/a.1580136645344357/4289038314454163/
PHO,Phongsaly,10,27/5/2021,3962,1625,https://www.facebook.com/CIEH.MoH.Lao/photos/a.1580136645344357/4289038314454163/
LNT,Luangnamtha,7,27/5/2021,18122,4722,https://www.facebook.com/CIEH.MoH.Lao/photos/a.1580136645344357/4289038314454163/
ODX,Oudomxay,9,27/5/2021,17511,6059,https://www.facebook.com/CIEH.MoH.Lao/photos/a.1580136645344357/4289038314454163/
BK ,Bokeo,2,27/5/2021,70292,19071,https://www.facebook.com/CIEH.MoH.Lao/photos/a.1580136645344357/4289038314454163/
LPB,Luangprabang,8,27/5/2021,33596,9430,https://www.facebook.com/CIEH.MoH.Lao/photos/a.1580136645344357/4289038314454163/
HPH,Huaphanh,5,27/5/2021,9168,3126,https://www.facebook.com/CIEH.MoH.Lao/photos/a.1580136645344357/4289038314454163/
XYB,Xayabury,0,27/5/2021,36960,10097,https://www.facebook.com/CIEH.MoH.Lao/photos/a.1580136645344357/4289038314454163/
XK,Xiengkhuang,17,27/5/2021,16307,5789,https://www.facebook.com/CIEH.MoH.Lao/photos/a.1580136645344357/4289038314454163/
VTP,Vientiane,14,27/5/2021,40754,6366,https://www.facebook.com/CIEH.MoH.Lao/photos/a.1580136645344357/4289038314454163/
BKX,Borikhamxay,3,27/5/2021,24943,10345,https://www.facebook.com/CIEH.MoH.Lao/photos/a.1580136645344357/4289038314454163/
KHM,Khammuane,6,27/5/2021,25997,6402,https://www.facebook.com/CIEH.MoH.Lao/photos/a.1580136645344357/4289038314454163/
SVK,Savannakhet,12,27/5/2021,51392,11153,https://www.facebook.com/CIEH.MoH.Lao/photos/a.1580136645344357/4289038314454163/
SLV,Saravane,11,27/5/2021,22395,10185,https://www.facebook.com/CIEH.MoH.Lao/photos/a.1580136645344357/4289038314454163/
SK,Sekong,16,27/5/2021,4880,2109,https://www.facebook.com/CIEH.MoH.Lao/photos/a.1580136645344357/4289038314454163/
CPS,Champasak,4,27/5/2021,37309,29082,https://www.facebook.com/CIEH.MoH.Lao/photos/a.1580136645344357/4289038314454163/
ATP,Attapeu,1,27/5/2021,10260,1696,https://www.facebook.com/CIEH.MoH.Lao/photos/a.1580136645344357/4289038314454163/
XSB,Xaysomboun,15,27/5/2021,2416,688,https://www.facebook.com/CIEH.MoH.Lao/photos/a.1580136645344357/4289038314454163/
CENTRE,Central Hospitals,99,28/5/2021,72824,23325,https://www.facebook.com/CIEH.MoH.Lao/photos/a.1594657613892260/4294327177258610/
VTE,Vientiane Capital,13,28/5/2021,155208,37973,https://www.facebook.com/CIEH.MoH.Lao/photos/a.1594657613892260/4294327177258610/
PHO,Phongsaly,10,28/5/2021,3962,1794,https://www.facebook.com/CIEH.MoH.Lao/photos/a.1594657613892260/4294327177258610/
LNT,Luangnamtha,7,28/5/2021,18122,4722,https://www.facebook.com/CIEH.MoH.Lao/photos/a.1594657613892260/4294327177258610/
ODX,Oudomxay,9,28/5/2021,17511,6059,https://www.facebook.com/CIEH.MoH.Lao/photos/a.1594657613892260/4294327177258610/
BK ,Bokeo,2,28/5/2021,70293,19075,https://www.facebook.com/CIEH.MoH.Lao/photos/a.1594657613892260/4294327177258610/
LPB,Luangprabang,8,28/5/2021,33761,10328,https://www.facebook.com/CIEH.MoH.Lao/photos/a.1594657613892260/4294327177258610/
HPH,Huaphanh,5,28/5/2021,9404,3221,https://www.facebook.com/CIEH.MoH.Lao/photos/a.1594657613892260/4294327177258610/
XYB,Xayabury,0,28/5/2021,36963,10774,https://www.facebook.com/CIEH.MoH.Lao/photos/a.1594657613892260/4294327177258610/
XK,Xiengkhuang,17,28/5/2021,16752,5953,https://www.facebook.com/CIEH.MoH.Lao/photos/a.1594657613892260/4294327177258610/
VTP,Vientiane,14,28/5/2021,42554,7545,https://www.facebook.com/CIEH.MoH.Lao/photos/a.1594657613892260/4294327177258610/
BKX,Borikhamxay,3,28/5/2021,25103,10974,https://www.facebook.com/CIEH.MoH.Lao/photos/a.1594657613892260/4294327177258610/
KHM,Khammuane,6,28/5/2021,25926,6810,https://www.facebook.com/CIEH.MoH.Lao/photos/a.1594657613892260/4294327177258610/
SVK,Savannakhet,12,28/5/2021,52771,12339,https://www.facebook.com/CIEH.MoH.Lao/photos/a.1594657613892260/4294327177258610/
SLV,Saravane,11,28/5/2021,22935,10185,https://www.facebook.com/CIEH.MoH.Lao/photos/a.1594657613892260/4294327177258610/
SK,Sekong,16,28/5/2021,4880,2177,https://www.facebook.com/CIEH.MoH.Lao/photos/a.1594657613892260/4294327177258610/
CPS,Champasak,4,28/5/2021,37312,29111,https://www.facebook.com/CIEH.MoH.Lao/photos/a.1594657613892260/4294327177258610/
ATP,Attapeu,1,28/5/2021,10264,2110,https://www.facebook.com/CIEH.MoH.Lao/photos/a.1594657613892260/4294327177258610/
XSB,Xaysomboun,15,28/5/2021,2416,697,https://www.facebook.com/CIEH.MoH.Lao/photos/a.1594657613892260/4294327177258610/
CENTRE,Central Hospitals,99,29/5/2021,72824,24055,https://www.facebook.com/CIEH.MoH.Lao/photos/a.1594657613892260/4295697773788217/
VTE,Vientiane Capital,13,29/5/2021,155208,40919,https://www.facebook.com/CIEH.MoH.Lao/photos/a.1594657613892260/4295697773788217/
PHO,Phongsaly,10,29/5/2021,4852,1794,https://www.facebook.com/CIEH.MoH.Lao/photos/a.1594657613892260/4295697773788217/
LNT,Luangnamtha,7,29/5/2021,18122,4827,https://www.facebook.com/CIEH.MoH.Lao/photos/a.1594657613892260/4295697773788217/
ODX,Oudomxay,9,29/5/2021,17511,6059,https://www.facebook.com/CIEH.MoH.Lao/photos/a.1594657613892260/4295697773788217/
BK ,Bokeo,2,29/5/2021,70293,25993,https://www.facebook.com/CIEH.MoH.Lao/photos/a.1594657613892260/4295697773788217/
LPB,Luangprabang,8,29/5/2021,33865,12020,https://www.facebook.com/CIEH.MoH.Lao/photos/a.1594657613892260/4295697773788217/
HPH,Huaphanh,5,29/5/2021,9404,3321,https://www.facebook.com/CIEH.MoH.Lao/photos/a.1594657613892260/4295697773788217/
XYB,Xayabury,0,29/5/2021,36968,11061,https://www.facebook.com/CIEH.MoH.Lao/photos/a.1594657613892260/4295697773788217/
XK,Xiengkhuang,17,29/5/2021,17122,6367,https://www.facebook.com/CIEH.MoH.Lao/photos/a.1594657613892260/4295697773788217/
VTP,Vientiane,14,29/5/2021,42873,7545,https://www.facebook.com/CIEH.MoH.Lao/photos/a.1594657613892260/4295697773788217/
BKX,Borikhamxay,3,29/5/2021,25103,10978,https://www.facebook.com/CIEH.MoH.Lao/photos/a.1594657613892260/4295697773788217/
KHM,Khammuane,6,29/5/2021,26926,6810,https://www.facebook.com/CIEH.MoH.Lao/photos/a.1594657613892260/4295697773788217/
SVK,Savannakhet,12,29/5/2021,52771,12339,https://www.facebook.com/CIEH.MoH.Lao/photos/a.1594657613892260/4295697773788217/
SLV,Saravane,11,29/5/2021,22395,10185,https://www.facebook.com/CIEH.MoH.Lao/photos/a.1594657613892260/4295697773788217/
SK,Sekong,16,29/5/2021,4880,2255,https://www.facebook.com/CIEH.MoH.Lao/photos/a.1594657613892260/4295697773788217/
CPS,Champasak,4,29/5/2021,37312,29111,https://www.facebook.com/CIEH.MoH.Lao/photos/a.1594657613892260/4295697773788217/
ATP,Attapeu,1,29/5/2021,10264,2110,https://www.facebook.com/CIEH.MoH.Lao/photos/a.1594657613892260/4295697773788217/
XSB,Xaysomboun,15,29/5/2021,2624,826,https://www.facebook.com/CIEH.MoH.Lao/photos/a.1594657613892260/4295697773788217/